{
    "matrix": [
        1,
        0.0,
        0.0,
        0.0,
        0.0,
        0,
        -1,
        -3.1,
        0.0,
        1.0,
        0,
        0.0,
        0.0,
        0.0,
        0.0,
        1.0
    ],
    "RT": [
        1.0,
        0.0,
        0.0,
        0.0,
        0.0,
        0,
        -1,
        0,
        0.0,
        1,
        0,
        3.1
    ],
    "K": [
        711.111083984375,
        0.0,
        256.0,
        0.0,
        711.111083984375,
        256.0,
        0.0,
        0.0,
        1.0
    ]
}